{
  "train_losses": [
    3.7847280330657957,
    3.2330103435516357,
    3.2193482036590577,
    3.2165665073394774,
    3.2156004276275634,
    3.215831121444702,
    3.2157156677246093,
    3.215568391799927,
    3.2157805614471435,
    3.21508353805542,
    3.2156358852386475,
    3.2156769866943358,
    3.2150682697296142,
    3.215296548843384,
    3.215653684616089,
    3.215177619934082,
    3.216173511505127,
    3.214884437561035,
    3.216499061584473,
    3.214989019393921,
    3.2154388523101805,
    3.2153290500640868,
    3.2155212116241456,
    3.2154317512512205,
    3.2153179340362548,
    3.2154016189575194,
    3.215243564605713,
    3.215560327529907,
    3.2149512310028077,
    3.214682956695557,
    3.214784149169922,
    3.214764226913452,
    3.2147755146026613,
    3.215727174758911,
    3.2147803268432615,
    3.204679567337036,
    3.193773775100708,
    3.187918378829956,
    3.1824683895111083,
    3.177873571395874,
    3.173612184524536,
    3.1703162899017334,
    3.1669824085235594,
    3.1629853019714353,
    3.1589903087615965,
    3.1546415176391602,
    3.149046043395996,
    3.1456240119934082,
    3.141013500213623,
    3.140203241348267
  ],
  "test_losses": [
    3.3048248663544655,
    3.2558061704039574,
    3.2549678683280945,
    3.2535501420497894,
    3.2527807280421257,
    3.2519046291708946,
    3.254684492945671,
    3.2540470957756042,
    3.252355344593525,
    3.2547401189804077,
    3.2541936859488487,
    3.253611996769905,
    3.2532596439123154,
    3.2526179254055023,
    3.252781994640827,
    3.254308007657528,
    3.2550288513302803,
    3.254789613187313,
    3.2525148391723633,
    3.2523659244179726,
    3.252669207751751,
    3.253744125366211,
    3.253244660794735,
    3.253649093210697,
    3.252783238887787,
    3.2538443952798843,
    3.2545901462435722,
    3.2531139850616455,
    3.254032649099827,
    3.2536293491721153,
    3.2544627115130424,
    3.25499464571476,
    3.255426324903965,
    3.2538104206323624,
    3.2538879364728928,
    3.2334766387939453,
    3.227475754916668,
    3.2301406636834145,
    3.212039314210415,
    3.216955214738846,
    3.207182802259922,
    3.2158540785312653,
    3.203033894300461,
    3.2061979472637177,
    3.196703977882862,
    3.19531924277544,
    3.1943062245845795,
    3.1969897225499153,
    3.1855055540800095,
    3.1980149298906326
  ],
  "entropy_stats": [
    [
      {
        "layer": 0,
        "entropy_magnitude": 34.665557861328125,
        "pattern_entropy": 0.0,
        "composition_alpha": 0.0,
        "paradox_magnitude": 34.7074089050293
      },
      {
        "layer": 1,
        "entropy_magnitude": 13.526790618896484,
        "pattern_entropy": 0.0,
        "composition_alpha": 