{
  "train_losses": [
    3.743270763397217,
    3.2309945735931396,
    3.2196796493530275,
    3.217479835510254,
    3.216957248687744,
    3.210006275177002,
    3.199394557952881,
    3.1954411544799806,
    3.192096460342407,
    3.1891477317810057,
    3.1871148262023925,
    3.1810843906402586,
    3.173853517532349,
    3.16688928604126,
    3.1614351444244386,
    3.156165237426758,
    3.149391689300537,
    3.145092393875122,
    3.1402821807861327,
    3.137196647644043,
    3.135237247467041,
    3.130602954864502,
    3.125652238845825,
    3.122871370315552,
    3.118404359817505,
    3.1107676677703857,
    3.102317659378052,
    3.0956580657958983,
    3.089941287994385,
    3.08386727142334,
    3.0804361209869384,
    3.0775240421295167,
    3.0739777126312258,
    3.0717821655273436,
    3.067521106719971,
    3.067630870819092,
    3.0658397617340087,
    3.0594997673034667,
    3.0599503021240233,
    3.056529670715332,
    3.053227439880371,
    3.0531766262054445,
    3.051482328414917,
    3.047836154937744,
    3.0464662475585937,
    3.0467950916290283,
    3.0439287185668946,
    3.041904987335205,
    3.039220666885376,
    3.041190378189087
  ],
  "test_losses": [
    3.287460185587406,
    3.255255199968815,
    3.2547431737184525,
    3.25309918820858,
    3.251947522163391,
    3.241571307182312,
    3.2360637709498405,
    3.2291062623262405,
    3.229644574224949,
    3.228200487792492,
    3.2232116907835007,
    3.2143762335181236,
    3.20347860455513,
    3.2003467082977295,
    3.193163700401783,
    3.188914582133293,
    3.1863159462809563,
    3.196299120783806,
    3.1840735375881195,
    3.1821275278925896,
    3.1665597185492516,
    3.1727818325161934,
    3.1681778356432915,
    3.1663553416728973,
    3.167498767375946,
    3.159151040017605,
    3.155591905117035,
    3.160996548831463,
    3.157107874751091,
    3.1652363315224648,
    3.1638422310352325,
    3.169790595769882,
    3.167395643889904,
    3.16249368339777,
    3.1706270277500153,
    3.169153295457363,
    3.167865075170994,
    3.173905700445175,
    3.1646646708250046,
    3.1743824556469917,
    3.184815213084221,
    3.17282535135746,
    3.1655696630477905,
    3.17020146548748,
    3.1725256145000458,
    3.186239682137966,
    3.1880177408456802,
    3.183932825922966,
    3.172016702592373,
    3.1818320974707603
  ],
  "entropy_stats": [
    [
      {
        "layer": 0,
        "entropy_magnitude": 18.306352615356445,
        "pattern_entropy": 0.0,
        "composition_alpha": 0.0,
        "paradox_magnitude": 18.067773818969727
      },
      {
        "layer": 1,
        "entropy_magnitude": 7.04848051071167,
        "pattern_entropy": 0.0,
        "composition_alpha": 