{
  "train_losses": [
    3.774017333984375,
    3.247378772735596,
    3.2179714069366456,
    3.2085030670166015,
    3.2023781337738035,
    3.1961110115051268,
    3.1922407817840575,
    3.1845903511047364,
    3.17713897895813,
    3.16912034034729,
    3.158600294113159,
    3.1445937614440918,
    3.129946825027466,
    3.1129535617828368,
    3.0930625381469725,
    3.073459852218628,
    3.0538876686096192,
    3.0342279510498047,
    3.0180506954193116,
    3.0021191482543945,
    2.9874022979736328,
    2.9732781200408938,
    2.9599756641387938,
    2.9469715232849123,
    2.935506509780884,
    2.924053493499756,
    2.910746702194214,
    2.9004644737243654,
    2.890438446044922,
    2.8814547157287596,
    2.8709211711883547,
    2.8595168952941896,
    2.8530354900360106,
    2.8446425075531008,
    2.8373268489837646,
    2.826978380203247,
    2.8210931568145754,
    2.8144287128448484,
    2.8072017555236815,
    2.799798776626587,
    2.7924568672180174,
    2.7877820682525636,
    2.7811796112060545,
    2.77705383682251,
    2.7686215534210206,
    2.7630093746185302,
    2.7562679252624513,
    2.7510633754730223,
    2.7487757034301756,
    2.7410301246643067,
    2.740231559753418,
    2.7300050678253176,
    2.727115293502808,
    2.721919569015503,
    2.717919240951538,
    2.7145022201538085,
    2.7121884326934813,
    2.70361323928833,
    2.7003644580841066,
    2.6968032836914064,
    2.69278938293457,
    2.6893697757720947,
    2.6862437229156493,
    2.6848198623657225,
    2.6792530250549316,
    2.673476961135864,
    2.668345453262329,
    2.667082805633545,
    2.662166431427002,
    2.6578375816345217,
    2.655948314666748,
    2.653780611038208,
    2.6462987880706788,
    2.645183343887329,
    2.6410915451049806,
    2.636018041610718,
    2.6370413589477537,
    2.6316191215515135,
    2.625903310775757,
    2.6235683937072753,
    2.6197929401397704,
    2.6151688499450683,
    2.6118322315216065,
    2.609388896942139,
    2.6059709339141848,
    2.604308162689209,
    2.600827642440796,
    2.594519491195679,
    2.590072929382324,
    2.590599754333496,
    2.586370895385742,
    2.580093551635742,
    2.580922227859497,
    2.5760184783935545,
    2.5707616329193117,
    2.5657119750976562,
    2.5687342681884764,
    2.5644947509765625,
    2.5593358726501463,
    2.5521967945098876
  ],
  "test_losses": [
    3.3124801740050316,
    3.2579956725239754,
    3.2486850172281265,
    3.2460180670022964,
    3.2412621900439262,
    3.236787535250187,
    3.233392611145973,
    3.2290338799357414,
    3.221802055835724,
    3.213568463921547,
    3.208860918879509,
    3.1952254623174667,
    3.1849797666072845,
    3.168830268085003,
    3.153861492872238,
    3.1356965601444244,
    3.1234390437602997,
    3.1113463789224625,
    3.1044681891798973,
    3.085563987493515,
    3.0899821519851685,
    3.069790370762348,
    3.063201956450939,
    3.057036556303501,
    3.046730190515518,
    3.0456733405590057,
    3.0356763303279877,
    3.0269940569996834,
    3.0144788920879364,
    3.0162351354956627,
    3.0127699747681618,
    3.0093064084649086,
    2.995535723865032,
    2.988833971321583,
    2.984706796705723,
    2.9841989129781723,
    2.981184832751751,
    2.9671975150704384,
    2.969060130417347,
    2.96556805819273,
    2.959269978106022,
    2.958949215710163,
    2.9356474950909615,
    2.9385157078504562,
    2.9391798824071884,
    2.9407807886600494,
    2.9378938898444176,
    2.9161541163921356,
    2.917851008474827,
    2.91895841807127,
    2.9155436232686043,
    2.906862296164036,
    2.898533135652542,
    2.8964587077498436,
    2.9049363508820534,
    2.9027487486600876,
    2.8967636302113533,
    2.88676730543375,
    2.8908918127417564,
    2.8862795680761337,
    2.873433440923691,
    2.883029229938984,
    2.8844222873449326,
    2.8824453577399254,
    2.8682929053902626,
    2.865399457514286,
    2.8613738045096397,
    2.8535025492310524,
    2.8556378334760666,
    2.859136037528515,
    2.8638084083795547,
    2.8437600284814835,
    2.8523279279470444,
    2.8556068539619446,
    2.8364118486642838,
    2.8396842181682587,
    2.828663647174835,
    2.83131492882967,
    2.820634573698044,
    2.8220273181796074,
    2.819355607032776,
    2.8318501114845276,
    2.819348193705082,
    2.815565399825573,
    2.8036565259099007,
    2.8064869791269302,
    2.8077689707279205,
    2.8005907833576202,
    2.803022526204586,
    2.7985157445073128,
    2.8090147003531456,
    2.7986318171024323,
    2.788439854979515,
    2.803659901022911,
    2.785738945007324,
    2.8010204285383224,
    2.789622277021408,
    2.781334310770035,
    2.778298631310463,
    2.77728071808815
  ],
  "config": {
    "embedding_dim": 64,
    "hidden_dims": [
      64,
      64,
      64
    ],
    "n_patterns": 8,
    "sequence_length": 20,
    "learning_rate": 0.0003,
    "batch_size": 64,
    "epochs": 100,
    "device": "cpu"
  }
}