{
  "train_losses": [
    3.0591713212331135,
    2.565358464558919,
    2.412379777590434,
    2.3353765665690105,
    2.27207781346639,
    2.2237801767985026,
    2.1854301029841103,
    2.145531281153361,
    2.1157692136764528,
    2.085002337773641,
    2.054530920346578,
    2.031382535298665,
    2.004626939137777,
    1.98477210521698,
    1.966175342241923,
    1.9410301434199015,
    1.9222915693918865,
    1.905770007133484,
    1.891797519048055,
    1.8759220050175984,
    1.8628424997329711,
    1.8442648245493571,
    1.8242219114303588,
    1.8181486186981202,
    1.8002640806833903,
    1.7909555565516153,
    1.770952299118042,
    1.7608632427851358,
    1.7452771053314209,
    1.7349843873977662,
    1.7202832028071087,
    1.7111037441889445,
    1.6968059810002645,
    1.6951382522583007,
    1.673684762954712,
    1.6682117989857992,
    1.6584864654541016,
    1.6428362277348836,
    1.6395288712183635,
    1.6236747624079386,
    1.6199341166814167,
    1.6052761014302572,
    1.5988373556137085,
    1.5888068189620972,
    1.5803489837646485,
    1.5711249574025472,
    1.5668782110214234,
    1.56074982102712,
    1.5508267113367717,
    1.5412561467488606,
    1.5345861059824626,
    1.5203165661493938,
    1.5146221739451091,
    1.512690546353658,
    1.5055118697484335,
    1.4990410782496135,
    1.4794541994730632,
    1.4839785464604696,
    1.4755918588638306,
    1.4663396024703979,
    1.4523137566248576,
    1.4500998129844667,
    1.4436539163589477,
    1.4470270473162332,
    1.4319142198562622,
    1.425044175306956,
    1.4206335287094116,
    1.4101698894500732,
    1.4128051977157592,
    1.4058738384246827,
    1.3990139938990276,
    1.3924970951080322,
    1.3899534883499145,
    1.3777993124326071,
    1.3737561483383178,
    1.3679966433842976,
    1.3654696866671245,
    1.366605343023936,
    1.3551824684143066,
    1.3548357413609822,
    1.3450786700248718,
    1.3431399415334067,
    1.3368294343948364,
    1.329073882897695,
    1.3234780486424764,
    1.3205601404507954,
    1.3153663528760273,
    1.315970742702484,
    1.305412710984548,
    1.3052011038462321,
    1.288457807858785,
    1.2946094495455425,
    1.287091696580251,
    1.2787142543792724,
    1.2847717456817627,
    1.27960506661733,
    1.2782927951812744,
    1.259316107749939,
    1.2704165104230245,
    1.2681656772295633
  ],
  "test_losses": [
    2.654608561637554,
    2.4337928244408142,
    2.3509008275701646,
    2.3011071922931263,
    2.2525946218916713,
    2.2250386565289597,
    2.2099954219574625,
    2.180798203387159,
    2.1668900111888316,
    2.1446083530466606,
    2.138423390845035,
    2.123370253025217,
    2.11201529553596,
    2.109025070007811,
    2.0912441902972283,
    2.0813042483431228,
    2.0863160085170827,
    2.073552316807686,
    2.0749486507253443,
    2.0631370519069914,
    2.0569729437219335,
    2.057968754717644,
    2.0578186740266515,
    2.0610075085721116,
    2.058865094438512,
    2.0568779871818865,
    2.053851858098456,
    2.0508598127263657,
    2.058084344610255,
    2.0554685808242636,
    2.0636222223018077,
    2.0589765804879208,
    2.070421445876994,
    2.0724176624987987,
    2.063518436665231,
    2.0617632624950817,
    2.065535579590087,
    2.0616604711147066,
    2.054034508289175,
    2.0828188391441995,
    2.072572959230301,
    2.075945090740285,
    2.085491602725171,
    2.0845194129233664,
    2.0841409766927677,
    2.090294136645946,
    2.088943600654602,
    2.092695421360909,
    2.104348140828153,
    2.0913944637521786,
    2.1035659959975708,
    2.1093668443091373,
    2.1030537473394517,
    2.119905078664739,
    2.122392473068643,
    2.1321215084258545,
    2.139491546661296,
    2.147832137473086,
    2.150686766238923,
    2.1428512157277857,
    2.149228353449639,
    2.1519439943293306,
    2.1592596211331956,
    2.1700528644500894,
    2.173417904275529,
    2.185150071661523,
    2.1814288940835507,
    2.1929365802318492,
    2.1810623242499982,
    2.2032115776488124,
    2.201204724768375,
    2.206555284084158,
    2.1989979883457753,
    2.202761836508487,
    2.210309828849549,
    2.2112881706116045,
    2.2192179230933493,
    2.2314105832830387,
    2.229634684451083,
    2.232883408982703,
    2.2364330862430815,
    2.243389829676202,
    2.2426033730202533,
    2.252872474650119,
    2.256975715464734,
    2.261678728651493,
    2.2717737809140632,
    2.2745885455862003,
    2.274026870727539,
    2.2803810213474516,
    2.294326703599159,
    2.281509044322562,
    2.288266156582122,
    2.303749639937218,
    2.2909026183980576,
    2.2990093218519334,
    2.305291905048046,
    2.306827001115109,
    2.3189045381038746,
    2.320386565746145
  ],
  "config": {
    "embedding_dim": 64,
    "hidden_dim": 64,
    "n_layers": 3,
    "n_heads": 4,
    "sequence_length": 20,
    "learning_rate": 0.0003,
    "batch_size": 64,
    "epochs": 100,
    "device": "cpu"
  },
  "total_params": 83130
}