{
  "standard": {
    "model_name": "Standard Transformer",
    "train_losses": [
      3.714168134689331,
      3.2968620319366453,
      3.222212110519409,
      3.1769528350830076,
      3.143746591567993,
      3.115675897598267,
      3.090956630706787,
      3.0709364910125734,
      3.048458351135254,
      3.0320107860565186,
      3.0122087745666506,
      2.9960544128417967,
      2.977326440811157,
      2.9663745555877687,
      2.954731496810913,
      2.9404370136260987,
      2.9290322246551512,
      2.91618217086792,
      2.90291753578186,
      2.8925598182678223,
      2.87928179359436,
      2.865326555252075,
      2.855965057373047,
      2.843579023361206,
      2.831701696395874,
      2.8213517208099366,
      2.8087414741516112,
      2.792915077209473,
      2.7799610176086427,
      2.7561930656433105,
      2.729283781051636,
      2.6965576934814455,
      2.6530883350372316,
      2.6115634727478025,
      2.5823288440704344,
      2.548391975402832,
      2.5145005798339843,
      2.4863515186309812,
      2.460806091308594,
      2.435003360748291,
      2.423284713745117,
      2.396928150177002,
      2.381209400177002,
      2.364341726303101,
      2.3555816802978518,
      2.3392651805877684,
      2.327423239707947,
      2.311779614448547,
      2.297977337837219,
      2.2894908981323243
    ],
    "test_losses": [
      3.3751240223646164,
      3.3108862563967705,
      3.2720796540379524,
      3.25576913356781,
      3.2330319359898567,
      3.224829487502575,
      3.204169124364853,
      3.195302553474903,
      3.1898518949747086,
      3.1721494868397713,
      3.168999060988426,
      3.1577988266944885,
      3.1514482349157333,
      3.1348701417446136,
      3.1229531690478325,
      3.1301915869116783,
      3.111739844083786,
      3.105433888733387,
      3.098735921084881,
      3.100674197077751,
      3.099136158823967,
      3.096259333193302,
      3.095152847468853,
      3.0757356211543083,
      3.071570508182049,
      3.084561839699745,
      3.059962674975395,
      3.0671745017170906,
      3.053094871342182,
      3.031003527343273,
      3.0026840493083,
      2.9683263152837753,
      2.933096870779991,
      2.886177882552147,
      2.857981540262699,
      2.878633573651314,
      2.8313749581575394,
      2.783345192670822,
      2.7836694195866585,
      2.75614845007658,
      2.758875608444214,
      2.729645863175392,
      2.7198188453912735,
      2.71732459962368,
      2.7068152502179146,
      2.6985761672258377,
      2.6785472854971886,
      2.702967621386051,
      2.6818832755088806,
      2.6997242495417595
    ],
    "total_params": 62409,
    "config": {
      "d_model": 48,
      "n_heads": 3,
      "d_ff": 96,
      "n_layers": 3,
      "sequence_length": 20,
      "learning_rate": 0.0003,
      "batch_size": 64,
      "epochs": 50,
      "device": "cpu"
    },
    "final_train_loss": 2.2894908981323243,
    "final_test_loss": 2.6997242495417595,
    "best_test_loss": 2.6785472854971886
  },
  "rope": {
    "model_name": "Transformer with RoPE",
    "train_losses": [
      3.6957982635498046,
      3.3098784255981446,
      3.208789094924927,
      3.108437204360962,
      3.027666955947876,
      2.9590020961761474,
      2.8917714290618894,
      2.819891532897949,
      2.742070997238159,
      2.6673215408325195,
      2.606886392593384,
      2.553434309005737,
      2.5113319110870362,
      2.474599084854126,
      2.4370068454742433,
      2.410012370109558,
      2.381128734588623,
      2.3544298629760743,
      2.3278860149383545,
      2.304198318481445,
      2.2840624742507933,
      2.2595413093566896,
      2.237182099342346,
      2.2232728242874145,
      2.202089622497559,
      2.1829354457855223,
      2.158431803703308,
      2.1441089115142824,
      2.128371386528015,
      2.1062067260742188,
      2.0934249439239503,
      2.0769307231903076,
      2.0590479030609132,
      2.0543689613342284,
      2.0412131605148316,
      2.01921785736084,
      2.0128064155578613,
      2.0007837467193603,
      1.985718900680542,
      1.976299530029297,
      1.962373706817627,
      1.9531972551345824,
      1.9422783584594727,
      1.9222974843978882,
      1.9143422813415527,
      1.9101634435653687,
      1.8918750801086426,
      1.8813611392974854,
      1.8727630958557129,
      1.8686925649642945
    ],
    "test_losses": [
      3.416179873049259,
      3.325932152569294,
      3.251616097986698,
      3.1753412932157516,
      3.118125818669796,
      3.0640674829483032,
      3.025528647005558,
      2.9714771136641502,
      2.913758970797062,
      2.8742552399635315,
      2.83989317715168,
      2.7925621792674065,
      2.780412867665291,
      2.739547550678253,
      2.746038541197777,
      2.717251092195511,
      2.696717269718647,
      2.691030241549015,
      2.691706620156765,
      2.6689034551382065,
      2.6572360172867775,
      2.6563104391098022,
      2.661043167114258,
      2.6337918415665627,
      2.637780040502548,
      2.6397687569260597,
      2.620808355510235,
      2.6346151381731033,
      2.6298627108335495,
      2.6103386357426643,
      2.620770536363125,
      2.6154380664229393,
      2.6151387691497803,
      2.623050920665264,
      2.6288992017507553,
      2.6294726356863976,
      2.6390985250473022,
      2.628447286784649,
      2.6308043152093887,
      2.6297479942440987,
      2.6386845633387566,
      2.6413574144244194,
      2.6448759511113167,
      2.6500353068113327,
      2.6452061235904694,
      2.659154623746872,
      2.6646059155464172,
      2.671454533934593,
      2.6713246926665306,
      2.6681065782904625
    ],
    "total_params": 62409,
    "config": {
      "d_model": 48,
      "n_heads": 3,
      "d_ff": 96,
      "n_layers": 3,
      "sequence_length": 20,
      "learning_rate": 0.0003,
      "batch_size": 64,
      "epochs": 50,
      "device": "cpu"
    },
    "final_train_loss": 1.8686925649642945,
    "final_test_loss": 2.6681065782904625,
    "best_test_loss": 2.6103386357426643
  }
}