{
    "summary": {
        "lorenz": {
            "paradox": {
                "mean_loss": 0.0026437439415271267,
                "std_loss": 0.002003336497087266
            }
        },
        "memory": {
            "paradox": {
                "mean_loss": 1.9210376058306013,
                "std_loss": 0.10791127099266791
            }
        },
        "language": {
            "paradox": {
                "mean_loss": 3.2515861683271146,
                "std_loss": 0.40416529027074216
            }
        }
    }
}